<?xml version="1.0"?>
<!--
/**
 * Webkul Software
 *
 * @category  Webkul
 * @package   Webkul_MpZoom
 * @author    Webkul
 * @copyright Copyright (c) Webkul Software Private Limited (https://webkul.com)
 * @license   https://store.webkul.com/license.html
 */
-->
<schema xmlns:xsi="http://www.w3.org/2001/XMLSchema-instance" xsi:noNamespaceSchemaLocation="urn:magento:framework:Setup/Declaration/Schema/etc/schema.xsd">
    <table name="wk_mpzoom_meeting_info" resource="default" engine="innodb" comment="MpVendorBroadcast Table">
        <column xsi:type="int" name="entity_id" padding="10" unsigned="true" nullable="false" identity="true" comment="Entity Id"/>
        <column xsi:type="bigint" name="meeting_id" padding="10" unsigned="true" nullable="false" identity="false" comment="Meeting Id"/>
        <column xsi:type="int" name="seller_id" padding="10" unsigned="true" nullable="false" identity="false" comment="Seller Id"/>
        <column xsi:type="int" name="order_id" padding="10" unsigned="true" nullable="false" identity="false" comment="Order Id"/>
        <column xsi:type="int" name="product_id" padding="10" unsigned="true" nullable="false" identity="false" comment="Product Id"/>
        <column xsi:type="int" name="item_id" padding="10" unsigned="true" nullable="false" identity="false" comment="Item Id"/>
        <column xsi:type="text" name="start_url" nullable="true" comment="Meeting Start Url"/>
        <column xsi:type="text" name="joining_url" nullable="true" comment="Meeting Joining Url"/>
        <column xsi:type="text" name="info" nullable="true" comment="Meeting Info"/>
        <column xsi:type="int" name="meeting_status" unsigned="true" nullable="false" default="0" comment="Meeting Status"/>
        <column xsi:type="timestamp" name="end_time" on_update="false" comment="End Time"/>

        <constraint xsi:type="primary" referenceId="PRIMARY">
        <column name="entity_id"/>
        </constraint>
    </table>
  
    <table name="wk_mp_zoom_config" resource="default" engine="innodb" comment="MpVendorBroadcast Table">
        <column xsi:type="int" name="entity_id" padding="10" unsigned="true" nullable="false" identity="true" comment="Entity Id"/>
        <column xsi:type="int" name="seller_id" padding="10" unsigned="true" nullable="false" identity="false" comment="Seller Id"/>
        <column xsi:type="text" name="api_key" nullable="true" comment="API Key"/>
        <column xsi:type="text" name="api_secret" nullable="true" comment="API Secret"/>
    
        <constraint xsi:type="primary" referenceId="PRIMARY">
        <column name="entity_id"/>
        </constraint>
    </table>

    <table name="sales_order" resource="sales" engine="innodb" comment="Sales Order">
        <column xsi:type="text" name="token" nullable="true" comment="token"/>
        <column xsi:type="text" name="browser" nullable="true" comment="browser"/>
    </table>
</schema>
