<?xml version="1.0"?>

<config xmlns:xsi="http://www.w3.org/2001/XMLSchema-instance" xsi:noNamespaceSchemaLocation="urn:magento:framework:ObjectManager/etc/config.xsd">
    <preference for="Webkul\MpZoom\Api\MeetingInfoRepositoryInterface" type="Webkul\MpZoom\Model\MeetingInfoRepository"/>
    <type name="Magento\Framework\View\Element\UiComponent\DataProvider\CollectionFactory">
        <arguments>
            <argument name="collections" xsi:type="array">
                <item name="mpzoom_meetings_listing_data_source" xsi:type="string">Webkul\MpZoom\Model\ResourceModel\MeetingInfo\Grid\Collection</item>
            </argument>
        </arguments>
    </type>
    <type name="Webkul\MpZoom\Model\ResourceModel\MeetingInfo\Grid\Collection">
        <arguments>
            <argument name="mainTable" xsi:type="string">wk_mpzoom_meeting_info</argument>
            <argument name="eventPrefix" xsi:type="string">webkul_mpzoom_meetinginfo</argument>
            <argument name="eventObject" xsi:type="string">webkul_mpzoom_meetinginfo</argument>
            <argument name="resourceModel" xsi:type="string">Webkul\MpZoom\Model\ResourceModel\MeetingInfo</argument>
        </arguments>
    </type>

</config>