<?xml version="1.0"?>
<!-- 
/**
 * Webkul Software.
 *
 * @category  Webkul
 * @package   Webkul_MpZoom
 * @author    Webkul
 * @copyright Copyright (c) Webkul Software Private Limited (https://webkul.com)
 * @license   https://store.webkul.com/license.html
 */
-->
<config xmlns:xsi="http://www.w3.org/2001/XMLSchema-instance" xsi:noNamespaceSchemaLocation="urn:magento:framework:Event/etc/events.xsd">
   <!--<event name="sales_order_invoice_pay">-->
   <!--  <observer name="webkul_mpzoom_salesinvoiceafterobserver_observer" instance="Webkul\MpZoom\Observer\SalesInvoiceAfterObserver"/>-->
   <!--</event>-->

    <event name="sales_order_invoice_save_after">
        <observer name="webkul_marketplace_zoom_sales_order_invoice_save_after_observer" instance="Webkul\MpZoom\Observer\SalesOrderInvoiceSaveAfterObserver" />
    </event>

    <event name="customer_register_success">
        <observer name="wk_seller_register" instance="Webkul\MpZoom\Observer\SellerRegister" />
    </event>
</config>
