<?xml version="1.0"?>

<schema xmlns:xsi="http://www.w3.org/2001/XMLSchema-instance" xsi:noNamespaceSchemaLocation="urn:magento:framework:Setup/Declaration/Schema/etc/schema.xsd">
    <table name="pz_appointment_schedule" resource="default" engine="innodb" comment="Conference Schedule">
        <column xsi:type="int" name="entity_id" unsigned="true" nullable="false" identity="true" comment="Entity Id"/>
        <column xsi:type="int" name="order_id" unsigned="true" nullable="false" comment="Magento Order Id"/>
        <column xsi:type="varchar" name="code" length="255" nullable="false" comment="Video Code"/>
        <column xsi:type="varchar" name="customer_email" length="255" nullable="false" comment="Customer Email"/>
        <column xsi:type="varchar" name="host_email" length="255" nullable="false" comment="Host Email"/>
        <column xsi:type="varchar" name="customer_name" length="255" nullable="false" comment="Customer Name"/>
        <column xsi:type="varchar" name="host_name" length="255" nullable="false" comment="Host Name"/>
        <column xsi:type="int" name="is_expited" unsigned="true" nullable="false" comment="Is Conference expired"/>
        <column xsi:type="smallint" name="duration" unsigned="true" nullable="false" comment="Conference Time In Minutes"/>
        <column xsi:type="timestamp" name="scheduled_at" comment="Appointment Time"/>
        <column xsi:type="timestamp" name="created_at" on_update="false" default="CURRENT_TIMESTAMP" comment="Create Time"/>
        <constraint xsi:type="primary" referenceId="PRIMARY">
            <column name="entity_id"/>
        </constraint>
        <constraint xsi:type="unique" referenceId="APPOINTMENT_SCHEDULE_CODE">
            <column name="code"/>
        </constraint>
    </table>
</schema>