<?xml version="1.0"?>
<!--
/**
 * Webkul Software.
 *
 * @category  Webkul
 * @package   Webkul_Marketplace
 * @author    Webkul
 * @copyright Copyright (c) Webkul Software Private Limited (https://webkul.com)
 * @license   https://store.webkul.com/license.html
 */
-->
<config xmlns:xsi="http://www.w3.org/2001/XMLSchema-instance" xsi:noNamespaceSchemaLocation="urn:magento:module:Magento_Config:etc/system_file.xsd">
    <system>
        <tab id="webkul" translate="label" sortOrder="10">
            <label>The Access Pass</label>
        </tab>
        <section id="marketplace_zoom" translate="label" type="text" sortOrder="300" showInDefault="1" showInWebsite="1" showInStore="1">
            <label>Zoom Setting</label>
            <!-- Assign section to tab -->
            <tab>webkul</tab>
            <resource>Webkul_Marketplace::config_marketplace</resource>
            <!-- create group for fields in sAdmin Nameection -->
            <group id="general_settings" translate="label" type="text" sortOrder="0" showInDefault="1" showInWebsite="1" showInStore="1">
                <label>General Settings</label>
                <field id="api_account_id" translate="label comment" type="text" sortOrder="0" showInDefault="1" showInWebsite="0" showInStore="0">
                    <label>API Account ID</label>
                    <validate>required-entry</validate>
                    <comment>Zoom API Account ID.</comment>
                </field>
                <field id="api_key" translate="label comment" type="obscure" sortOrder="0" showInDefault="1" showInWebsite="0" showInStore="0">
                    <label>API Key</label>
                    <validate>required-entry</validate>
                    <comment>Zoom API Key.</comment>
                </field>
                <field id="api_secret" translate="label comment" type="obscure" sortOrder="0" showInDefault="1" showInWebsite="0" showInStore="0">
                    <label>API Secret</label>
                    <validate>required-entry</validate>
                    <comment>Zoom API Secret.</comment>
                </field>
                <!-- //Webhook Api secret token -->
                <field id="webhook_api_secret_key" translate="label comment" type="obscure" sortOrder="0" showInDefault="1" showInWebsite="0" showInStore="0">
                    <label>Webhook Api Secret Key</label>
                    <comment>Webhook Api Secret Key.</comment>
                </field>
            </group>
            <group id="email" translate="label" type="text" sortOrder="10" showInDefault="1" showInWebsite="1" showInStore="1">
                <label>Zoom Emails Template</label>
                <field id="customer" translate="label comment" type="select" sortOrder="2" showInDefault="1" showInWebsite="1" showInStore="1">
                    <label>Customer Template</label>
                    <source_model>Magento\Config\Model\Config\Source\Email\Template</source_model>
                </field>
                <field id="host" translate="label comment" type="select" sortOrder="2" showInDefault="1" showInWebsite="1" showInStore="1">
                    <label>Host Template</label>
                    <source_model>Magento\Config\Model\Config\Source\Email\Template</source_model>
                </field>
            </group>
        </section>
    </system>
</config>
