<?xml version="1.0"?>
<!--
/**
 * Copyright © PZ, Inc. All rights reserved.
 * See COPYING.txt for license details.
 */
-->
<config xmlns:xsi="http://www.w3.org/2001/XMLSchema-instance" xsi:noNamespaceSchemaLocation="urn:magento:module:Magento_Config:etc/system_file.xsd">
    <system>
        <tab id="papzod" translate="label" sortOrder="10">
            <label>Papzod</label>
        </tab>
        <section id="video" translate="label" type="text" sortOrder="300" showInDefault="1" showInWebsite="1" showInStore="1">
            <label>Conference Manager</label>
            <!-- Assign section to tab -->
            <tab>papzod</tab>
            <resource>PZ_VCA::conference</resource>
            <!-- create group for fields in sAdmin Nameection -->
            <group id="settings" translate="label" type="text" sortOrder="0" showInDefault="1" showInWebsite="1" showInStore="1">
                <label>General Settings</label>
                <field id="duration" translate="label comment" type="text" sortOrder="0" showInDefault="1" showInWebsite="0" showInStore="0">
                    <label>Conference Duration</label>
                    <validate>required-entry</validate>
                    <comment>Enter the duration in minutes.</comment>
                </field>
            </group>
        </section>
    </system>
</config>
